Feature,Mean,Median,Mode,Variance,Std_Deviation,Range
age,43.203351592615135,45.0,78.0,512.5055936346773,22.638586387729188,81.92
avg_glucose_level,104.47352201257861,91.57,93.88,1835.6206291919361,42.84414346432819,185.74
bmi,28.4555285047677,28.1,28.7,45.834722371802975,6.770134590375806,34.8
